"INTERACTIONCLASSID";"NAME"
1;"Ascorbinsäure (Salze und Derivate)"
4;"Folsäure und Folsäurederivate"
5;"Harn-ansäuernde Stoffe"
7;"Opioid -Agonisten"
8;"Harn-alkalisierende Arzneistoffe"
9;"Alkohol (Ethanol)"
10;"Allopurinol"
11;"Alpha-Blocker"
13;"Amantadin"
16;"Aminoglykoside"
18;"Amiodaron"
19;"Amphetamin und zentrale Stimulantien"
20;"Amphotericin B"
21;"Anabole Steroide"
22;"Anästhetische Barbiturate"
23;"Verschiedene Allgemeinanästhetika"
24;"Inhalationsanästhetika"
25;"Opioid Antagonisten"
27;"Nitrate"
28;"Polypeptidantibiotika"
29;"Anticholinergika"
30;"Antikoagulantien, oral (Vitamin K-Antagonisten)"
31;"Trizyklische Antidepressiva und verwandte Substanzen"
33;"Imidazol-und Triazol-Antimykotika"
35;"Sedierende Antihistaminika"
37;"Nicht steroidale Antirheumatika"
38;"Zytostatika"
39;"Phenazon"
42;"Synthetic thyroid blocking agents"
43;"Cimetidin"
44;"H2-Rezeptor-Antagonisten"
45;"Asparaginase"
46;"Azathioprin"
47;"Baclofen"
48;"Barbiturate"
49;"Benzamide"
50;"Benzodiazepine"
53;"Betablocker"
54;"Beta-2-Sympathomimetika-Inhalationen"
55;"Biguanide"
57;"Bromocriptin und andere Dopaminergika"
58;"Buspiron"
59;"Butyrophenone"
61;"Calcium (und Salze)"
63;"Carbamazepin"
64;"Carmustin und Derivate"
65;"Cephalosporine und ähnliche Verbindungen"
66;"Cephalosporine mit einer N-Methylthiotetrazol oder ähnlichen Seitenkette"
67;"Ionenaustauscher"
68;"Cholinergika"
69;"Ciclosporin"
70;"Cisaprid"
71;"Cisplatin und  Derivate"
72;"Clonidin und verwandte Produkte"
73;"Clozapin"
74;"Colchicin"
75;"Muskelrelaxantien"
76;"Cyclophoshamid und verwandte Verbindungen"
77;"Cycloserin"
78;"Danazol"
79;"Dantrolen"
80;"Deferoxamin"
81;"ZNS-dämpfende Stoffe"
83;"Plasmaexpander"
85;"Diazoxid"
86;"Didanosin"
87;"Calciumkanalblocker vom Dihydropyridintyp"
88;"Diltiazem"
89;"Biphosphonate"
90;"Dipyridamol"
91;"Disopyramid"
93;"Disulfiram und Calciumcarbimid"
94;"Kaliumsparende Diuretika"
97;"Doxorubicin und Derivate"
98;"Ergotalkaloide"
99;"Retinoide (systemisch)"
101;"Eisen (und Salze)"
102;"Fibrate"
105;"Fluorouracil und Derivate"
106;"Fluoxetin"
107;"Fluvoxamin"
108;"Foscarnet"
109;"Schleifendiuretika"
110;"Ganciclovir und verwandte Stoffe"
111;"Glucagon"
112;"Glucocorticoide (systemisch)"
113;"Herzglykoside"
114;"Aminoglutethimid"
115;"Griseofulvin"
116;"Guanethidin"
120;"Schilddrüsenhormone"
122;"MAO-Hemmer"
124;"Indometacin"
125;"ACE-Hemmer"
126;"HMG-CoA-Reduktase-Hemmer"
127;"Insulin"
128;"Interferon"
130;"Lansoprazol"
134;"Darmreizende Kontakt-Laxantien"
135;"Levamisol"
136;"Levodopa"
137;"Lidocain und verwandte Produkte"
138;"Lincosamide"
139;"Lithium (und Salze)"
140;"Makrolide"
141;"Magnesium (und Salze)"
143;"Melphalan"
144;"Mercaptopurin und verwandte Produkte"
145;"Methenamin"
146;"Methotrexat"
147;"Methyldopa"
148;"Mexiletin"
149;"Mianserin"
150;"Fludrocortison"
152;"Nicotin"
154;"Nitrofurane"
155;"Nitroimidazole"
156;"Somatostatin und -analoga"
157;"Östrogene"
158;"Omeprazol"
159;"Gold"
161;"Papaverin"
163;"Penicillamin"
164;"Penicilline"
165;"Pentamidin"
166;"Pentoxifyllin"
167;"Perhexilin"
168;"Chloramphenicol und Derivate"
169;"Phenothiazine"
170;"Phenytoin und verwandte Verbindungen"
172;"Kalium (und Salze)"
173;"Praziquantel"
174;"Primidon"
175;"Probenecid"
176;"Procainamide"
177;"Procarbazin"
178;"Jodhaltige Röntgenkontrastmittel"
180;"Gestagene"
183;"Pyridoxin"
185;"Chinidin und Derivate"
186;"Chinin"
188;"Rauwolfia-Alkaloide und Derivate"
189;"Rifamycine"
190;"Salicylate (systemisch)"
191;"Irreversible Hemmer der Monoaminooxidase B"
192;"Sotalol"
193;"Sucralfat"
194;"Sulfonamide"
195;"Sulfonylharnstoffe"
196;"Sulfasalazin"
200;"Corticotrope Hypophysenhormone"
201;"Tetrazykline"
202;"Theophyllin und Derivate"
203;"Thiotepa"
204;"Thrombolytika"
205;"Ticlopidin"
206;"Nefazodon"
207;"Trimethoprim"
208;"Attenuierte Lebendimpfstoffe"
209;"Valproinsäure und Derivate"
210;"Calciumkanalblocker vom Phenylalkylamin-Typ"
214;"Zytostatika - Vinca-Alkaloide"
215;"Vitamin A"
216;"Vitamin D und Analoga"
217;"Zidovudin"
220;"Aciclovir und verwandte Virustatika"
222;"Fusidinsäure (und Salze)"
225;"Alprostadil"
228;"5-HT3-Rezeptor-Antagonisten"
245;"Apomorphin"
249;"Calcitonin"
251;"Carotinoide"
256;"Osmodiuretika"
260;"Ethambutol"
263;"Flucytosin"
268;"Halofantrin"
272;"Wachstumshormone und Derivate"
273;"Albendazol"
276;"Reversible Monoaminoxidase-A-Hemmer"
277;"Immunglobuline, human"
286;"Oxytocin-Stoffe"
293;"Photosensibilisierende Stoffe"
295;"Misoprostol"
298;"Kationenaustauscherharze"
304;"Dapson"
309;"Adenosin"
311;"Glykopeptidantibiotika, nephrotoxisches Potenzial"
312;"Vigabatrin"
313;"Vitamin B12"
315;"Bismutverbindungen"
318;"Serotonin- und Noradrenalin-Reuptake-Inhibitoren"
319;"Lamotrigin"
321;"Tacrolimus(systemisch)"
323;"Koloniestimulierende Faktoren"
324;"Dimercaprol"
326;"Losartan"
328;"Vitamin E"
334;"Colestipol"
335;"Terbinafin"
336;"Sumatriptan"
337;"Acarbose"
339;"Risperidon"
340;"Aromatasehemmer"
344;"Atovaquon"
347;"Cyproteron"
349;"Topiramat"
350;"Abciximab"
355;"Sultiam"
356;"Tetrabenazin"
357;"Vitamin K und Analoga"
359;"Ribavirin"
363;"Methionin"
364;"BCG (kein Impfstoff)"
368;"Clostridium-botulinum-Toxine"
372;"Impfstoffe (inaktiviert, Subunit, Toxoid)"
375;"Nicht nukleoside Reverse Transkriptase Hemmer"
382;"Rifabutin"
385;"Alfentanil"
386;"Kaliumkanalöffner"
387;"Proguanil"
390;"Gabapentin"
393;"Tolcapon"
394;"Primaquin"
395;"Toremifen"
398;"Vinorelbin"
399;"Tiagabin"
400;"Carboanhydratasehemmer"
403;"Nilutamid"
404;"Donepezil"
408;"Tiludronat (alle Salze)"
409;"Cidofovir"
410;"Pantoprazol"
412;"Stavudin"
413;"HIV-Proteasehemmer"
415;"Ritonavir"
416;"Nevirapin"
417;"Zolmitriptan"
418;"Mycophenolsäure (und Salze)"
420;"Montelukast"
421;"Tramadol"
424;"Phosphodiesterase-5-Hemmer"
426;"Paroxetin"
427;"Citalopram und Enantiomere"
428;"Sertralin"
430;"Zafirlukast"
433;"Naratriptan"
435;"Raloxifen"
439;"Naltrexon"
440;"Isoprenalin"
442;"Entacapon"
443;"Tirofiban"
445;"Ursodeoxycholsäure"
449;"Telmisartan"
450;"Capecitabin"
452;"Efavirenz"
456;"Cibenzolin"
457;"Pravastatin"
460;"Antithrombin III"
462;"Leflunomid"
463;"Quetiapin"
464;"Tamsulosin"
466;"Orlistat"
469;"Repaglinid"
472;"Tibolon"
475;"Johanniskraut"
476;"Bupropion"
481;"Streptogramin-Antibiotika"
482;"Zolpidem"
483;"Tryptophan"
489;"Amylase"
491;"Aldesleukin"
492;"Oxcarbazepin"
497;"Chinolone"
500;"Rabeprazol"
502;"Beta-Lactam-Antibiotika - Carbapeneme"
10000;"Digoxin und Derivate"
10002;"Antipsychotika"
10003;"Amrinon"
10004;"Sirolimus"
10005;"Isradipin"
10008;"Calciumkanalblocker"
10014;"Dopamin"
10018;"Sulindac"
10020;"COX-2-Hemmer"
10023;"Nichtselektive Betablocker"
10025;"Metoclopramid"
10026;"Clonidin"
10027;"Coffein und verwandte Verbindungen"
10031;"Maprotilin"
10034;"Angiotensin II Antagonisten"
10035;"Pentazocin"
10037;"Nefopam"
10046;"Orale Antidiabetika"
10047;"Thiazolidindione"
10049;"Alpha-Glucosidase-Hemmer"
10055;"Glinide"
10063;"Diflunisal"
10067;"Clonazepam"
10068;"Hydantoin-Antiepileptika"
10071;"Dofetilide"
10072;"Selektive Serotonin-Reuptake-Inhibitoren"
10075;"Chinidin"
10078;"Thioridazin"
10084;"HMG-CoA-Reduktase-Hemmer, Metabolisierung durch CYP2C9"
10086;"Modafinil und Enantiomere"
10090;"Dobutamin"
10093;"Klasse-IC-Antiarrhythmika"
10094;"Propafenon"
10096;"Warfarin"
10102;"Diphenhydramin"
10105;"Prazosin"
10109;"Betablocker, hepatisch metabolisiert"
10110;"Haloperidol"
10112;"Levocarnitin"
10116;"Terfenadin"
10120;"Nichtdepolarisierende Muskelrelaxantien"
10125;"Adrenalin und Noradrenalin"
10126;"Olanzapin"
10127;"Abacavir"
10130;"Zalcitabin"
10142;"Chlorpromazine"
10146;"Cilostazol"
10152;"Propranolol"
10165;"Doxycyclin"
10166;"Levothyroxin"
10175;"Capreomycin"
10176;"Dolasetron"
10177;"Chlordiazepoxid"
10180;"Zytostatika - Anthrazykline"
10182;"Zytostatika - Antimetabolite"
10183;"Phenobarbital"
10186;"Dextropropoxyphen"
10188;"Captopril"
10189;"Methoxyfluran"
10193;"Moracizin"
10196;"Linezolid"
10199;"Metronidazol (systemisch)"
10202;"Glyceroltrinitrat"
10203;"Nitroprussidnatrium"
10205;"Chloramphenicol"
10207;"Zytostatika - antimicrotubulär"
10208;"Zytostatika - monoklonale Antikörper"
10211;"Metyrapon"
10212;"Methylphenidat"
10216;"Clopidrogrel"
10217;"Disulfiram"
10224;"Isoniazid"
10225;"Clarithromycin"
10237;"Atorvastatin"
10240;"Grippeimpfstoffe"
10241;"Succinimide"
10243;"Alteplase"
10263;"Epoprostenol"
10270;"Phenindion"
10275;"Tenecteplase"
10280;"Lamivudin"
10284;"Flecainid"
10285;"Ofloxacin"
10287;"Norfloxacin"
10291;"Amilorid"
10293;"Spironolacton"
10294;"Tolterodin"
10298;"Nizatidin"
10301;"Midodrin"
10308;"Lidocain, topisch"
10311;"Erythromycin"
10316;"Aluminiumhydroxid"
10319;"Desfluran"
10321;"Morphin"
10322;"Sufentanil"
10323;"Labetalol"
10324;"Dacarbazin"
10326;"Tacrin"
10329;"Ropinirol"
10331;"Ciprofloxacin"
10334;"Cetirizin"
10336;"Mirtazapin"
10339;"Terbutalin"
10341;"Halothan"
10342;"Ketamin"
10343;"Migränespezifische Serotonin HT-Rezeptoragonisten (Triptane)"
10346;"Verapamil"
10347;"Vancomycin"
10348;"Ranitidin"
10350;"Protonenpumpenhemmer"
10352;"Isofluran"
10353;"Thiazide und verwandte Diuretika"
10355;"Sevofluran"
10356;"Sibutramin"
10359;"Lokalanästhetika (PABA-Ester)"
10362;"Benzbromaron"
10368;"Flutamid"
10375;"Lovastatin"
10386;"Paracetamol und verwandte Verbindungen"
10388;"Suxamethonium"
10396;"Piracetam"
10397;"Saquinavir"
10398;"Chlorpropamid"
10399;"Gemcitabin"
10407;"Dextromethorphan"
10413;"Oxymetazolin"
10417;"Felodipin"
10419;"Paclitaxel"
10420;"Probucol"
10421;"Etoposid"
10425;"Clotrimazol"
10430;"Enalapril"
10434;"Nortriptylin"
10438;"Tenofovir"
10442;"Itraconazol"
10453;"Ketoconazol"
10469;"Chelatisierende Stoffe"
10474;"Trifluoperazin"
10475;"Levomepromazin"
10478;"Clomipramin"
10479;"Perphenazin (und Salze)"
10480;"Prochlorperazin"
10481;"Iod (und Salze)"
10497;"Tiotixen"
10501;"Doxepin"
10507;"Amitriptylin"
10509;"Flohsamen"
10511;"Lorazepam"
10515;"Natriumphosphat"
10525;"Ginkgo biloba"
10532;"Baldrian"
10533;"Loperamid"
10535;"Nifedipin"
10538;"Kaolin"
10539;"Paraldehyd"
10548;"Epirubicin"
10551;"Reboxetin"
10552;"Vasopressin und Analoga"
10553;"Tianeptin"
10555;"Linolsäure (und Salze)"
10560;"Arginin"
10563;"Clofazimin"
10565;"Calciumcarbonat"
10566;"Dinoproston"
10568;"Mineralöl"
10571;"Cilastatin"
10572;"Oxaliplatin"
10573;"Irinotecan"
10575;"Eptifibatid"
10576;"Sulfiram"
10579;"Ubidecarenon"
10580;"Idoxuridin"
10581;"Borsäure"
10582;"Zink (und Salze)"
10584;"Aprotinin"
10586;"Guar-Gummi"
10588;"Imatinib"
10590;"Potente Induktoren von CYP3A4"
10591;"Aripiprazol"
10592;"Memantin"
10594;"Troleandomycin"
10603;"Astemizol"
10605;"Gemeprost"
10612;"Pimecrolimus"
10615;"Tocainid"
10617;"Angelica polymorpha"
10622;"Trazodon"
10626;"Alpha und Beta-Sympathomimetika"
10634;"Bosentan"
10635;"Oxiconazol"
10645;"Tolazolin"
10664;"Amprenavir (und Prodrugs)"
10666;"Droperidol"
10670;"Ginseng"
10671;"Voriconazol"
10673;"Ondansetron"
10675;"Trastuzumab"
10676;"Ephedrin"
10690;"Riluzol"
10692;"Topotecan"
10694;"Clomethiazol"
10697;"Zopiclon und Enantiomere"
10698;"Teniposid"
10699;"Ezetimib"
10706;"Dextran"
10707;"Polygelin"
10714;"Gatifloxacin"
10715;"Levofloxacin"
10718;"Lomefloxacin"
10721;"Moxifloxacin"
10724;"Nicardipin"
10727;"Pefloxacin"
10728;"Nimodipin"
10731;"Aledronat (alle Salze)"
10732;"Rizatriptan"
10740;"Zoledronsäure (alle Salze)"
10746;"Mivacurium"
10747;"Imipenem"
10748;"Meropenem"
10749;"Vecuronium"
10750;"Pancuronium"
10759;"Esomeprazol"
10786;"Rabies Vaccine"
10789;"Triamteren"
10790;"Acetzazolamid"
10795;"Chlortalidon"
10800;"Vibrio cholerae Vaccine"
10802;"Delavirdin"
10816;"Procain"
10831;"Nicorandil"
10837;"Gemfibrozil"
10852;"Furosemid"
10854;"Glukokorticoide (topisch)"
10857;"Budesonid"
10864;"Dexamethason"
10865;"Indinavir"
10871;"Lopinavir"
10873;"Fluticason"
10875;"Hydrocortison"
10877;"Nelfinavir"
10879;"Methylprednisolon"
10880;"Promethazin"
10882;"Prednisolon und Prodrugs"
10893;"Phenelzin"
10894;"Tranylcypromin"
10896;"HMG-CoA-Reduktase-Hemmer, metabolisiert durch CYP3A4"
10903;"Fosinopril"
10909;"Phentermin"
10917;"Fluvastatin"
10918;"Interferon alfa"
10928;"Prednison"
10938;"Hydralazin und ähnliche Stoffe"
10946;"Bupivacain"
10947;"Fenofibrat"
10949;"Clofibrinsäure und Salze"
10952;"Chlorzoxazon"
10956;"Lidocain (systemisch)"
10958;"Metoprolol"
10961;"Chloroquin"
10962;"Prilocain"
10963;"Ropivacain"
10964;"Pyrimethamin"
10966;"Minoxidil"
10967;"Clindamycin"
10973;"Azithromycin"
10985;"Roxithromycin"
10989;"Tioguanin"
10993;"Nitrofurantoin"
10996;"Ornidazol"
10997;"Tinidazol"
11005;"Flupentixol"
11006;"Pimozid"
11008;"Zuclopenthixol"
11028;"Digoxin"
11042;"Fluphenazin (und Salze)"
11044;"Timolol"
11048;"Sulpirid und Enantiomere"
11059;"Infliximab"
11060;"Galantamin"
11061;"Muromonab-CD3"
11079;"Carvedilol"
11093;"Imipramin"
11095;"Alprazolam"
11098;"Clorazepat"
11100;"Diazepam"
11106;"Midazolam"
11109;"Triazolam"
11113;"Desipramin"
11121;"Orphenadrin"
11129;"Gliclazid"
11136;"Metformin"
11139;"Pioglitazon"
11140;"Rosiglitazon"
11142;"Tolbutamid"
11154;"Pseudoephedrin"
11164;"Triamcinolon"
11187;"Dextromoramid"
11191;"Pethidin"
11196;"Hydroxychloroquin"
11203;"Docusat"
11207;"Venlafaxin"
11209;"Ampicillin"
11218;"Busulfan"
11220;"Carmustin"
11223;"Ifosfamid"
11231;"Bleomycin"
11235;"Docetaxel"
11236;"Rituximab"
11248;"Fexofenadin"
11249;"Loratadin"
11250;"Vinblastin"
11257;"Methadon"
11291;"Salicylsäure, topisch"
11297;"Amsacrin"
11303;"Hydrocarbamid"
11306;"Altretamin"
11308;"Bicalutamid"
11330;"Anticholinergika, inhalativ"
11339;"Procyclidin"
11350;"Nimesulid"
11373;"Nicotinamid"
11374;"Nicotinsäure (und Salze)"
11378;"Tinzaparin"
11379;"Glibenclamid"
11390;"Atomoxetin"
11393;"Cholinesterase-Hemmer"
11400;"Colestyramin"
11459;"Salbutamol (systemisch)"
11467;"Bromazepam"
11469;"Clobazam"
11493;"Nitrazepam"
11500;"Domperidon"
11511;"Methylphenobarbital"
11515;"Alimemazin"
11517;"Famotidin"
11556;"Meloxicam"
11569;"Piroxicam"
11587;"Chlorphenamin"
11596;"Cyproheptadin"
11610;"Flunarizin"
11626;"Magnesium (Antacidum)"
11640;"Fluconazol"
11641;"Miconazol"
11647;"Dosulepin"
11650;"Trimipramin"
11670;"Aluminium (und Salze)"
11676;"Propofol"
11689;"Testosteron"
11690;"Amfepramon"
11700;"Neomycin"
11706;"Gentamicin"
11712;"Aminoglykoside (systemisch)"
11714;"Brimonidin"
11728;"Buprenorphin"
11731;"Codein"
11732;"Dihydrocodein"
11735;"Fentanyl"
11740;"Oxycodon"
11751;"Mefloquin"
11768;"Selegilin"
11797;"Demeclocyclin"
11857;"Methoxsalen (systemisch)"
11860;"Acetylcystein"
11917;"Aprepitant und Prodrugs"
11928;"Moclobemid"
11942;"Lumefantrin"
11943;"Varicella Vaccine"
11944;"Mannitol"
11945;"Gelbfieber Vaccine"
11988;"Aciclovir"
11994;"Calcitriol"
12002;"Vincristin"
12009;"Etanercept"
12010;"Caspofungin"
12025;"Carbenoxolon"
12036;"Harnalkalisierende Substanzen - Citrate"
12041;"Ertapenem"
12050;"Pankreatin"
12052;"Thalidomid"
12053;"Tamoxifen"
12055;"Bivalrudin"
12060;"Calciumfolinat"
12062;"Amylnitrat"
12074;"Sorbitol"
12082;"Lactulose"
12097;"Lepirudin"
12098;"Deoxycholsäuren"
12099;"Fenyramidol"
12100;"Cocain"
12101;"Hydrocodon"
12103;"Thioxanthene"
12104;"Immunsuppressiva"
12105;"Sildenafil"
12110;"Gefitinib"
12111;"Benserazid"
12112;"Sulfinpyrazon"
12113;"Carboprost"
12115;"Tuberkuline"
12116;"Interleukin-1-Antagonisten"
12120;"Artemether"
12122;"Trimetrexat"
12123;"Granisetron"
12125;"Thioamid"
12126;"Etomidat"
12127;"Levacetylmethadol"
12128;"Sertindol"
12129;"Eletriptan"
12130;"Metronidazol (topisch)"
12131;"Ebastin"
12132;"Chloralhydrat"
12133;"Phenylpropanolamin"
12137;"Bepridil"
12138;"Bromocriptin"
12140;"Lachgas"
12141;"Escitalopram"
12142;"Pemetrexed"
12143;"Agalsidase"
12144;"Typhus-Vakkzine (lebend, oral)"
12146;"Epoprostenol"
12147;"Aminosalicylate"
12153;"Felbamat"
12154;"Phenylbutazon"
12156;"Meprobamat"
12157;"Glutethimid"
12158;"Adefovir"
12159;"Enfuvirtid"
12160;"Ibuprofen"
12161;"Telithromycin"
12162;"Atazanavir"
12164;"Natriumbicarbonat"
12165;"Eisensalze (parenteral)"
12168;"Teriparatid"
12169;"Enoxacin"
12171;"Methocarbamol"
12172;"Gadoliniumhaltige Kontrastmittel"
12174;"Carisoprodol"
12176;"Ajmalin"
12178;"Bevacizumab"
12179;"Everolimus"
12183;"Inhalierbare Glucocorticoide"
12186;"Pregabalin"
12189;"Laronidase"
12190;"Monobenzon"
12191;"Cinacalcet"
12192;"Sevelamer"
12193;"Hymenoptera venom"
12195;"Eplerenon"
12197;"Josamycin"
12198;"Dimethylsulfoxid (systemisch)"
12199;"Flurazepam"
12201;"Alosetron"
12203;"Pyrazinamid"
12204;"Miglitol"
12205;"Amphetamine"
12206;"Lercanidipin"
12207;"Letrozol"
12208;"Anastrozol"
12209;"Mitomycin"
12210;"Phenprocoumon"
12211;"Phenylephrin"
12213;"Methoxamin"
12216;"Metaraminol"
12218;"Isomethepten"
12220;"Tetryzolin"
12221;"Naphazolin"
12222;"Xylometazolin"
12223;"Tramazolin"
12226;"Strontiumranelat"
12227;"Glucosamin"
12230;"Etretinat und Acitretin"
12231;"Bunazosin"
12233;"Cinoxacin"
12234;"Clinafloxacin"
12235;"Nalidixinsäure"
12236;"Fleroxacin"
12237;"Tabak"
12238;"Tiabendazol"
12239;"Cumarin- Antikoagulantien"
12240;"Etacrynsäure"
12241;"Mercaptopurin"
12242;"Aztreonam"
12243;"Cefalotin"
12244;"Carbenicillin"
12245;"Ticarcillin"
12246;"Piperacillin"
12247;"Partielle Opiod-Agonisten/Antagonisten"
12248;"Oxyphenbutazon"
12250;"Alprenolol"
12251;"Digitoxin"
12252;"Bambuterol"
12253;"Sulfamethoxazol"
12254;"Glipizid"
12256;"Rifampicin"
12257;"Folinsäure"
12258;"Amlodipin"
12259;"Nisoldipin"
12260;"Nitrendipin"
12261;"Neostigmin"
12262;"Mebendazol"
12263;"Benzocain"
12264;"Tetracain"
12265;"Simvastatin"
12266;"Insulin-Zink"
12267;"Distigminbromid"
12268;"Pyridostigmin"
12269;"Ambenonium"
12270;"Rivastigmin"
12271;"Mesoridazin"
12272;"Fenfluramin"
12273;"BCG-Impfstoffe"
12274;"Cefpodoxim"
12275;"Mezlocillin"
12276;"Azlocillin"
12277;"Apalcillin"
12278;"Rofecoxib"
12279;"Etoricoxib"
12280;"Sulfadiazin"
12281;"Sulfapyridin"
12282;"Sulfamethizol"
12283;"Theophyllin"
12284;"Thiopental"
12286;"Sulfafurazol"
12287;"Diprophyllin"
12289;"Pargylin"
12290;"Potente Inhibitoren von CYP3A4"
12291;"Masernimpfstoffe"
12292;"Mumpsimpfstoffe"
12293;"Rötelnimpfstoffe"
12294;"Celecoxib"
12295;"Parecoxib und Metabolite"
12296;"Tadalafil"
12297;"Vardenafil"
12298;"Almotriptan"
12299;"Frovatriptan"
12301;"Cisatracurium"
12302;"Atracurium"
12303;"Rapacuronium"
12304;"Doxacuriumchlorid"
12305;"Pipecuronium"
12306;"Rocuronium"
12307;"Viloxazin"
12308;"Remacemid"
12309;"Cefalexin"
12310;"Glimepirid"
12311;"Acetylsalicylsäure"
12312;"Azapropazon"
12314;"Mefenaminsäure"
12315;"Tolfenaminsäure"
12316;"Flurbiprofen"
12317;"Aluminium (Antacidum)"
12319;"Naproxen"
12320;"Ketorolac"
12321;"Fluphenazinhydrochlorid"
12322;"Perphenazin (oral)"
12323;"Simeticon"
12324;"Pindolol"
12326;"Cyclopropan"
12327;"Atenolol"
12328;"Magnesiumsulfat"
12329;"Mesuximid"
12330;"Physostigmin"
12332;"Ethosuximid"
12333;"Tacrolimus (topisch)"
12334;"Acitretin"
12335;"Cefamandol"
12336;"Cefmenoxim"
12337;"Cefoperazon"
12338;"Cefotetan"
12339;"Latamoxef"
12340;"Natriumpolystyrensulfonat"
12342;"Cefaclor"
12343;"Tizanidin"
12344;"Ziprasidon"
12345;"Tumor Nekrose Faktor Alpha Blocker"
12346;"Abatacept"
12347;"Trovafloxacin"
12348;"Tosufloxacin"
12349;"Temafloxacin"
12350;"Sparfloxacin"
12351;"Rufloxacin"
12352;"Rosoxacin"
12353;"Grepafloxacin"
12354;"Cetefloxacin"
12355;"Erlotinib"
12356;"Sitafloxacin"
12357;"Gemifloxacin"
12358;"Trimethaphan"
12359;"Deferasirox"
12360;"Mizolastin"
12361;"Midecamycin"
12362;"Rokitamycin"
12364;"Brivudin"
12365;"Sorivudin"
12366;"Tetrazyklin"
12367;"Octreotid"
12369;"Iohexol"
12370;"Propanthelin"
12372;"Ceftriaxon"
12374;"Amisulprid"
12375;"Heparin"
12376;"Troglitazon"
12377;"Solifenacin"
12378;"Progabid"
12379;"Coffein"
12380;"Amoxicillin"
12381;"Duloxetin"
12382;"Quazepam"
12384;"Promazin"
12385;"Darunavir"
12386;"Amodiaquin"
12387;"Omega-3-Fettsäuren"
12388;"Bortezomib"
12389;"Sunitinib"
12390;"Cabergolin"
12391;"Anagrelid"
12392;"Posaconazol"
12393;"Megluminantimonat"
12394;"Ibutilid"
12395;"Fluorochinolone (QT-verlängerend)"
12396;"Dasatinib"
12398;"Benziodaron"
12399;"Procainamid (und Metaboliten)"
12400;"Aprindin"
12401;"Azimilid"
12402;"Cyclobenzaprin"
12403;"Encainid"
12404;"Mosaprid"
12405;"Lapatinib"
12407;"Arsentrioxid"
12408;"Sulfadoxin"
12409;"Thioridazin (und Metaboliten)"
12410;"Sultoprid"
12411;"Carbimazol"
12412;"Ketanserin"
12413;"Chlorobutanol"
12414;"Lofexidin"
12415;"Pilsicainid"
12419;"Spiramycin"
12420;"Darifenacin"
12422;"Ivabradin"
12423;"Ivermectin"
12424;"Protirelin"
12425;"Spectinomycin"
12426;"Tirilazad"
12427;"Tranexaminsäure"
12428;"Tretinoin"
12429;"Verteporfin"
12430;"Carbidopa"
12431;"Lisinopril"
12432;"Aminosalicylsäure"
12433;"Cefuroxim"
12434;"Tipranavir"
12435;"Sauerstoff"
12436;"Vidarabin"
12437;"Limaprost"
12438;"Zaleplon"
12439;"Exemestan"
12440;"Pirmenol"
12441;"Colistin"
12442;"9-Aminocamptothecin"
12443;"Ozagrel"
12444;"Loxapin"
12445;"Valnoctamid"
12446;"Levetiracetam"
12448;"Stiripentol"
12449;"Micafungin"
12450;"Tigecyclin"
12451;"Oxiracetam"
12452;"Retigabin"
12453;"Ramelteon"
12454;"Zonisamid"
12455;"Bucolom"
12456;"Dichloralphenazon"
12457;"Bromperidol"
12458;"Ethchlorvynol"
12459;"Pramipexol"
12460;"Streptozocin"
12461;"Conivaptan"
12462;"Zileuton"
12463;"Exenatid"
12464;"Pheneturid"
12465;"Sitagliptin"
12466;"Menthol"
12467;"Isotretinoin"
12468;"Streptokinase"
12469;"Nafcillin"
12470;"Rosuvastatin"
12471;"Talinolol"
12473;"Cerivastatin"
12476;"Perospiron"
12477;"Vareniclin"
12478;"Drotrecogin alfa, aktiviert"
12480;"Noscapin"
12481;"Lanthancarbonat"
12482;"Colesevelam"
12483;"Ranolazin"
12484;"Aliskiren"
12485;"Cannabinoide"
12486;"Maraviroc"
12487;"Pazufloxacin"
12488;"Rimonabant"
12489;"Sorafenib"
12490;"Temsirolimus"
12491;"Vorinostat"
12492;"Lenalidomid"
12493;"Schilddrüsenhormon und Analoga"
12494;"Bromfenac"
12495;"Latanoprost"
12497;"Levosimendan"
12498;"Basiliximab"
12499;"Amygdalin"
12500;"Raltegravir"
12501;"Etravirin"
12502;"Borneol"
12503;"Cefdinir"
12504;"Methylthioniniumchlorid"
12505;"Flucloxacillin"
12508;"Mifepriston"
12509;"Paricalcitol"
12510;"Sitaxentan"
12511;"Alfuzosin"
12512;"Bumetanid"
12513;"Piretanid"
12514;"Paliperidon"
12515;"Valspodar"
12516;"Interleukin-3"
12517;"Idrocilamid"
12518;"Chlorprothixene"
12520;"Acenocoumarol"
12521;"Dicoumarol"
12522;"Dimethyl sulfoxide (topisch)"
12523;"Cefaloridin"
12524;"Phenylephrin (topisch)"
12526;"Ethinylestradiol"
12527;"Telbivudin"
12530;"Selektive Alpha-2-Rezeptor-Sympathomimetika"
12532;"Daptomycin"
12560;"Macrogol 4000"
12562;"Eltrombopag"
12563;"Selen (und Salze)"
12564;"Dabigatran"
12565;"Lacosamid"
12566;"Epinephrin"
12567;"Rivaroxaban"
12568;"Bifendat"
12569;"Epoetin"
12570;"Mazindol"
12571;"Mepivacain"
12572;"Nateglinid"
12573;"Cefonicid"
12574;"Bifonazol"
12576;"Anakinra"
12577;"Phosphate"
12578;"Diclofenac"
12579;"Aminochinoline"
12580;"Artemisinin-Derivate"
12581;"Natriumoxybat"
12582;"Perazin"
12583;"Fesoterodin"
12584;"Eslicarbazepin"
12585;"Pralatrexate"
12587;"Ustekinumab"
12588;"Saxagliptin"
12589;"Asenapin"
12590;"Tollwut-Immunglobulin (vom Pferd)"
12592;"Vildagliptin"
12593;"Nilotinib"
12594;"Silodosin"
12595;"Febuxostat"
12596;"Estazolam"
12597;"Doxazosin"
12598;"Norepinephrin"
12599;"Bretylium"
12600;"Catechol-O-Methyltransferase (COMT)-Hemmer"
12601;"Alpha-Sympathomimetika, direkt wirkend"
12602;"Alpha-Sympathomimetika, indirekt wirkend"
12603;"Furazolidon"
12604;"Tolvaptan"
12605;"Ulipristal"
12606;"Pazopanib"
12607;"Romidepsin"
12608;"Ritodrin"
12610;"Corticorelin"
12611;"Ixabepilon"
12612;"Rasagilin"
12615;"Estramustin"
12616;"Clodronat (alle Salze)"
12617;"Glutamin"
12618;"Dronedaron"
12619;"Flumequin"
12621;"Pipemidsäure"
12622;"Prasugrel"
12623;"Cyclophosphamid"
12624;"Oseltamivir"
12625;"5-Aminolävulinsäure"
12626;"Oxybutynin"
12627;"Panitumumab"
12628;"Clofarabin"
12631;"Bexaroten"
12632;"Elacridar"
12633;"Melatonin"
12634;"Norethisteron"
12635;"Desvenlafaxin"
12636;"Salmeterol"
12637;"Papaveretum"
12639;"Trichlorethylen"
12640;"Bergapten"
12641;"Reserpin"
12642;"Dexamfetamin"
12643;"Oxytocin"
12644;"Cabazitaxel"
12646;"Milnacipran"
12647;"Pitavastatin"
12648;"Somatropin"
12649;"Armodafinil"
12650;"Ambrisentan"
12651;"Romiplostim"
12652;"Sapropterin"
12653;"Thrombozytenaggregationshemmer"
12654;"Sugammadex"
12655;"Benzylpenicillin"
12656;"Beta-Blocker (systemisch)"
12657;"Methoxsalen (topisch)"
12658;"Progestogene (systemisch)"
12659;"Östrogene (systemisch)"
12660;"Lebend-Influenza-Impfstoffe"
12662;"Ipratropium"
12663;"Beta-2-Sympathomimetika"
12664;"Salbutamol (Inhalation)"
12665;"Bitolterol"
12666;"Isoetarin"
12667;"Nitriloxid"
12668;"Sumatriptan (intranasal)"
12669;"Butorphanol"
12670;"Alitretinoin"
12671;"Diethyltoluamid"
12672;"Retinoide (topisch)"
12673;"Niedrig molekulare Heparine"
12674;"Heparinoide"
12675;"Thrombinhemmer"
12677;"Pentostatin"
12678;"Trientin"
12682;"Lanreotid"
12685;"Alvimopan"
12686;"Temazepam"
12687;"Policosanol"
12688;"Thiamazol"
12689;"Econazol"
12690;"Miconazol (topisch)"
12691;"Finasterid"
12692;"Rifapentin"
12693;"Hyoscin"
12694;"Aciclovir und Prodrugs"
12695;"Bezafibrat"
12698;"Tapentatol"
12699;"Rimantadin"
12700;"Zanamivir"
12701;"Roflumilast"
12702;"Tocilizumab"
12703;"Dapoxetin"
12704;"Argatroban"
12705;"Desirudin"
12706;"Pentamidin"
12707;"Palonosetron"
12708;"Telaprevir"
12709;"Fludarabin"
12710;"Regadenoson"
12711;"Rufinamid"
12712;"Ticagrelor"
12713;"Rifaximin"
12714;"Pristinamycin"
12715;"Cytarabin"
12716;"Adalimumab"
12717;"Pivmecillinam"
12718;"Pivampicillin"
12719;"Ciprofibrate"
12720;"Clinofibrate"
12721;"Etofibrat"
12722;"Boceprevir"
12723;"Drospirenon"
12724;"Fluticason (inhalativ)"
12726;"Budesonid (inhalativ)"
12727;"Natriumpicosulfat"
12729;"Dex-Lansoprazol"
12730;"Lurasidon"
12731;"Palifermin"
12732;"Agomelatin"
12733;"Brentuximab Vedotin"
12734;"Doripenem"
12735;"Debrisoquin"
12736;"Ketobemidon"
12737;"Pizotifen"
12738;"Mitotan"
12739;"Rupatadin"
12740;"Deferipron"
12741;"Iloperidon"
12742;"Dexmedetomidin"
12743;"Pholcodin"
12744;"Cefotaxim"
12745;"Pilocarpin"
12746;"Vinflunin"
12747;"Ruxolitinib"
12748;"Apixaban"
12749;"Fondaparinux"
12750;"Abirateron"
12751;"Linagliptin"
12752;"Rifamycin"
12753;"Tiaprid"
12754;"HCV-Proteasehemmer"
12755;"Harnalkalisierende Substanzen - Natriumsalze"
12756;"Bismuth"
12757;"Bismuthaluminat"
12765;"Bismutcitrat"
12766;"Bismuthhydroxid"
12767;"Bismuthoxychlorid"
12768;"Bismuthsubcarbonat"
12769;"Bismutsubcitrat"
12770;"Bismuthsubgallat"
12771;"Bismutsubnitrat"
12772;"Etidronat (alle Salze)"
12773;"Ibandronat (alle Salze)"
12774;"Metdronat (alle Salze)"
12775;"Pamidronat (alle Salze)"
12776;"Risedronat (alle Salze)"
12777;"Rilpivirin"
12778;"Vandetanib"
12779;"Vilazodon"
12780;"Axitinib"
12781;"Ivacaftor"
12782;"Trabectedin"
12783;"Alfacalcidol"
12785;"Nystatin"
12786;"Crizotinib"
12787;"Vemurafenib"
12788;"Cefradin"
12789;"Glucarpidase"
12790;"Avanafil"
12791;"Ceftarolin"
12792;"Fingolimod"
12793;"Liraglutid"
12794;"Gemigliptin"
12795;"Bosutinib"
12797;"Ponatinib"
12798;"Tofacitinib"
12799;"Cobicistat"
12800;"Natrium-Stibogluconat"
12801;"Elvitegravir"
12802;"Lomitapid"
12803;"Phenothiazin-Antihistaminika"
12804;"Ciclopirox"
12805;"Belimunab"
12806;"Colestilan"
12807;"Enzalutamid"
12808;"Ipilimumab"
12809;"Iguratimod"
12810;"Nalbuphin"
12811;"Afatinib"
12812;"Regorafenib"
12813;"Teduglutid"
12814;"Olmesartan"
12815;"Perampanel"
12816;"Dabrafenib"
12817;"Canagliflozin"
12818;"Pasireotid"
12819;"Dolutegravir"
12820;"Decitabin"
12821;"Macitentan"
12822;"Midostaurin"
12823;"Phenytoin"
12824;"Triptorelin"
12825;"Leuprorelin"
12826;"Mirabegron"
12827;"Riociguat"
12828;"Dipeptidyl Peptidase-4- (DPP-4) Hemmstoffe"
12829;"Dutasterid"
12830;"Vilanterol"
12831;"Teriflunomid"
12832;"Leflunomid und Metabolite"
12833;"Pomalidomid"
12834;"Ipratropium (inhalativ)"
12835;"Levonorgestrel"
12836;"Potente Induktoren von P-Glycoprotein"
12837;"Sofosbuvir"
12838;"Simeprevir"
12839;"Calciumsalze (parenteral)"
12840;"Grapefrucht"
12841;"Pirfenidon"
12842;"Bedaquilin"
12843;"Vortioxetin"
12844;"Eribulin"
12845;"Idelalisib"
12846;"Secukinumab"
12848;"Iobenguan I 123"
12849;"Ioflupan (123I)"
12850;"Sucroferric Oxyhydroxid"
12851;"Lacidipin"
12852;"Manidipin"
12853;"Emtricitabin"
12854;"Trametinib"
12855;"Ziconotid"
12856;"Droxidopa"
12857;"Natalizumab"
12858;"Vedolizumab"
12859;"Ledipasvir"
12860;"Aktivkohle"
12861;"Mitobronitol"
12862;"Daclatasvir"
12863;"Asunaprevir"
12864;"Apremilast"
12865;"Delamanid"
12867;"Paritaprevir"
12868;"Dasabuvir"
12869;"Nintedanib"
12870;"Ibrutinib"
12871;"Ramucirumab"
12872;"Histrelin"
12873;"Belinostat"
12874;"Protein C, Humanplasma gereinigt"
12875;"Olodaterol"
12876;"Empagliflozin"
12877;"Darbepoetin alfa"
12878;"Kaliumchlorid"
12879;"Nebivolol"
12880;"Oritavancin"
12882;"Olaparib"
12883;"Telavancin"
12884;"Nalmefen"
12885;"Sacubitril"
12886;"Cobimetinib"
12887;"Lumacaftor"
30001;"Tilidin"
30006;"Metamizol"
30007;"Levomethadon"
30008;"Levomethadon"
1000001;"Valproinsäure (und durch Extrapolation Valpromid)"
1000002;"Antidepressiva des Imipramin-Typs"
1000010;"Phenytoin (und durch Extrapolation Fosphenytoin) (systemisch)"
1000012;"Irreversible MAO-Hemmer"
1000015;"Kaliumsenkende Arzneimittel"
1000016;"Reversible MAO-A Hemmer, einschließlich Oxazolidinon und Methylenblau"
1000017;"MAO-B (Monoaminooxidase Typ B-Hemmer)"
1000021;"Fluorouracil (und durch Extrapolation andere Fluoropyrimidine)"
1000022;"Deferoxamin"
1000023;"Hohe Vitamin C-Dosen (i.v.)"
1000025;"Theophyllin (und durch Extrapolation Aminophyllin)"
1000030;"Vitamin K-Antagonisten"
1000031;"Dextropropoxyphen"
1000032;"Carbamazepin"
1000033;"Erythromycin (oral)"
1000039;"Metoprolol (systemisch)"
1000041;"Blutzucker-senkende Sulfonamide"
1000042;"Metformin"
1000045;"Diazepam"
1000048;"Isoniazid (systemisch)"
1000050;"Miconazol"
1000052;"Insuline"
1000065;"Nichtsteroidale Entzündungshemmer"
1000070;"Lithium"
1000071;"Heparine"
1000072;"Diuretika"
1000081;"Betablocker (außer Esmolol und Sotalol)"
1000082;"Digoxin (oral)"
1000084;"Schilddrüsenhormone (systemisch)"
1000086;"Kaliumsenkende Diuretika"
1000090;"Thrombolytika"
1000091;"Bisphosphonate (oral)"
1000094;"Aminoglykoside"
1000096;"Trimethoprim (oral)"
1000097;"Zytotoxische Arzneimittel"
1000101;"Vasokonstringierende Mutterkorn-Alkaloide"
1000103;"Kalium"
1000105;"Somatostatinanaloga"
1000108;"Fibrate"
1000110;"Arzneimittel zur Senkung des arteriellen Blutdrucks"
1000115;"Eisen(salze) (oral)"
1000116;"Eisen(salze) (parenteral)"
1000117;"Kalziumkanalantagonisten"
1000125;"Topische Arzneimittel zur Anwendung bei Magen-Darm-Erkrankungen, Antazida und Adsorbantien"
1000127;"Cycline (oral)"
1000129;"Cycline (systemisch)"
1000135;"Amiodaron"
1000137;"Androgene"
1000139;"Antipurine"
1000150;"Chlorpromazin"
1000151;"Immunsuppressiva"
1000152;"Cimetidin"
1000156;"Danazol"
1000157;"Dantrolen (Infusion)"
1000164;"Digoxin (systemisch)"
1000165;"Disopyramid"
1000171;"Fluphenazol"
1000173;"Haloperidol"
1000178;"Ketoconazol (systemisch)"
1000183;"Lidocain (i.v.)"
1000188;"Methotrexat (systemisch)"
1000190;"Metronidazol"
1000191;"Mexiletin"
1000194;"Nifedipin"
1000203;"Pyrazinamid"
1000209;"Sucralfat"
1000218;"Verapamil (systemisch"
1000225;"Jodkontrastmittel"
1000235;"Antipsychotische Neuroleptika (außer Clozapin)"
1000243;"Anticholinerge Antiparkinsonmittel"
1000253;"Kalzium (intravenös, i.v.) außer bei parenteraler Supplementierung"
1000260;"Pethidin"
1000262;"Rifampicin"
1000263;"Makrolide (außer Spiramycin)"
1000264;"Selektive Serotonin-Wiederaufnahmehemmer"
1000268;"Dextromorphan"
1000270;"Koffein"
1000284;"Beta-2-Sympathomimetika (systemisch)"
1000286;"Alpha- und Beta-Sympathomimetika (i.m. und i.v.)"
1000289;"Indirekte Sympathomimetika"
1000295;"Fluconazol"
1000303;"Fluoxetin"
1000304;"Progestagene zur Empfängnisverhütung"
1000306;"Anwendung nicht empfängnisverhütender Progestagene mit oder ohne Östrogen"
1000315;"Barbiturate"
1000324;"Kaliumsparende Diuretika (allein oder in Kombination), außer Spironolacton und Eplerenon"
1000326;"Ciprofloxacin (systemisch)"
1000330;"Praziquantel"
1000339;"Tamoxifen"
1000341;"Norfloxacin"
1000343;"Kalzium (oral)"
1000345;"Probenecid"
1000349;"Retinoide (systemisch)"
1000354;"Propafenon"
1000356;"Cisaprid"
1000360;"Konversionsenzym-Inhibitoren"
1000363;"Acetylsalicylsäure (systemisch)"
1000372;"Dexamethason"
1000378;"Dihydropyridine"
1000385;"Erythromycin (systemisch)"
1000387;"Morphinagonisten und -antagonisten"
1000395;"Josamycin"
1000397;"Pentamidin"
1000399;"Antibakterielle Sulfonamide"
1000403;"Lacidipin"
1000409;"Zink(salze) (oral)"
1000415;"Midodrin"
1000416;"Flüchtige halogenierte Anästhetika"
1000421;"Terbinafin"
1000426;"Clarithromycin"
1000428;"Roxithromycin"
1000429;"Midazolam (systemisch)"
1000431;"Alfentanil"
1000435;"Acetazolamid"
1000436;"Clozapin"
1000437;"Paroxetin"
1000441;"Schilddrüsenhormone (oral)"
1000449;"Halofantrin"
1000458;"Zalcitabin"
1000462;"Methadon"
1000463;"Esmolol"
1000468;"Lamotrigin"
1000475;"Nicardipin"
1000478;"Angiotensin-II-Rezeptor-Antagonisten"
1000483;"Ebastin"
1000485;"Proteasehemmer mit Ritonavir-Booster"
1000489;"Colchicin"
1000490;"Methylergotamin"
1000491;"Antiemetische Neuroleptika"
1000493;"Simvastatin"
1000496;"Tramadol"
1000506;"Felbamat"
1000514;"Thalidomid"
1000517;"Atorvastatin"
1000518;"Topiramat"
1000522;"Dopaminergika (außer Levodopa)"
1000524;"Zytotoxische Vinca-Alkaloide"
1000526;"Ropinirol"
1000538;"Tadalafil"
1000541;"Nimodipin (systemisch)"
1000545;"Montelukast"
1000548;"Nelfinavir"
1000554;"Tolterodin"
1000558;"Stavudin"
1000559;"Ribavirin"
1000560;"Lamivudin"
1000565;"Efavirenz"
1000568;"Pimozid"
1000583;"Alphablocker zur Anwendung in der Urologie (außer Doxazosin)"
1000584;"Blutdrucksenkende Alphablocker (außer Doxazosin)"
1000586;"Fentanyl"
1000589;"Antisekretorische Protonenpumpenhemmer"
1000592;"Clopidogrel"
1000597;"Orlistat"
1000613;"Buflomedil"
1000614;"Clindamycin"
1000630;"Gemfibrozil"
1000634;"Nitrendipin"
1000635;"Felodipin"
1000636;"Lercanidipin"
1000637;"Isradipin"
1000639;"Carvedilol"
1000641;"Bupropion"
1000642;"Flecainid"
1000650;"Betablocker bei Herzinsuffizienz"
1000658;"Itraconazol (systemisch)"
1000660;"Telithromycin"
1000664;"Omeprazol"
1000668;"Bosentan"
1000669;"Voriconazol"
1000673;"Spiramycin (i.v.)"
1000675;"Spironolacton"
1000679;"Stiripentol"
1000680;"Clobazam"
1000685;"Tacrolimus (systemisch)"
1000687;"Ciclosporin (systemisch)"
1000689;"Repaglinid"
1000700;"Rosuvastatin (Dosierung <40 mg)"
1000704;"Enzyminduktoren  (außer Antikonvulsiva)"
1000705;"Vardenafil"
1000706;"Enzyminduzierende Antikonvulsiva"
1000708;"Rosuvastatin (Dosierung 40 mg)"
1000709;"Pravastatin"
1000710;"Fluvastatin"
1000711;"Sertralin"
1000712;"Azithromycin"
1000716;"Oxcarbazepin"
1000720;"Adrenerg-serotonerge Präparatekombinationen"
1000721;"Adrenalin (bukkodental und subkutan)"
1000722;"Neuroleptika"
1000723;"Dopaminergika außer Parkinsonmittel"
1000726;"Dopaminerge Antiparkinsonmittel"
1000729;"Dopaminerge Mutterkorn-Alkaloide"
1000731;"Alpha-Sympathomimetika (oral und nasal)"
1000734;"Dihydroergotamin"
1000736;"Arzneimittel, die Torsades-de-pointes hervorrufen könnten"
1000737;"Bradykardie hervorrufende Arzneimittel"
1000739;"Durch MAO (Monoaminooxidase)  metabolisierte Triptane"
1000740;"Nicht durch MAO metabolisierte Triptane"
1000741;"Sulfasalazin"
1000743;"Zentral wirksame Antihypertensiva"
1000746;"Antiarrhythmika der Klasse IA"
1000747;"Betablocker (außer Esmolol)"
1000751;"Sulproston"
1000752;"Metabolisierte Kortikoide (oral oder inhalativ)"
1000753;"Amlodipin"
1000754;"Manidipin"
1000755;"Hydrocortison (systemisch)"
1000756;"Phenobarbital (und durch Extrapolation Primidon)"
1000757;"Heparine mit niedrigem Molekulargewicht und verwandte Substanzen (kurative Dosen und/oder geriatrische Patienten)"
1000759;"Nicht fraktionierte Heparine (kurative Dosen und/oder geriatrische Patienten)"
1000761;"Thrombozytenaggregationshemmer"
1000763;"Tenofovirdisoproxil"
1000767;"Sedativa "
1000773;"Morphine"
1000774;"Opioidanalgetika der Stufe II"
1000775;"Opioidanagetika der Stufe III"
1000780;"Partielle Morphinantagonisten"
1000781;"Opioide zur Substitutionsbehandlung"
1000784;"Aztreonam"
1000788;"Schleifendiuretika"
1000791;"Fusidinsäure"
1000808;"Antisekretorische H2-Antihistaminika (systemisch)"
1000810;"Glucocorticoide (außer Hydrocortison) (systemisch)"
1000814;"Disulfiram"
1000818;"Risperidon"
1000823;"Vitamin D (oral)"
1000824;"Spermizide"
1000825;"Arzneimittel zur vaginalen Anwendung"
1000827;"Moxifloxacin"
1000828;"Sotalol (systemisch)"
1000830;"Amisulprid"
1000832;"Droperidol"
1000833;"Sulpirid (systemisch)"
1000834;"Levopromazin"
1000835;"Tiaprid"
1000839;"Benzbromaron"
1000864;"Erythromycin ( i.v.)"
1000870;"Pemetrexed"
1000871;"Aprepitant"
1000872;"Proguanil"
1000873;"Metabolisierte Tyrosinkinase-Hemmer"
1000874;"Nebivolol"
1000875;"Glibenclamid"
1000876;"Chloroquin (systemisch)"
1000878;"Citalopram"
1000879;"Alfuzosin"
1000880;"Sertindol"
1000883;"Yohimbin"
1000884;"Cyclophosphamid"
1000888;"Tetrabenazin"
1000892;"Estramustin (oral)"
1000897;"Strontium (oral)"
1000899;"Cyproteron"
1000902;"Sildenafil"
1000904;"Pipamperon"
1000908;"Duloxetin"
1000909;"Cinacalcet"
1000917;"Mycophenolat-Mofetil"
1000918;"Sevelamer"
1000925;"Chloralhydrat"
1000934;"Mebendazol"
1000945;"Quetiapin"
1000946;"Vasopressin"
1000949;"Posaconazol (systemisch)"
1000954;"Rimonabant"
1000955;"Posaconazol (oral)"
1000956;"Darifenacin"
1000957;"Solifenacin"
1000959;"Aliskiren"
1000965;"Glimepirid"
1000966;"Docetaxel"
1000969;"Starke CYP3A4-Hemmer (außer Ritonavir)"
1000970;"Substanzen mit Risiko für CYP3A4"
1000971;"Zuclopenthixol"
1000975;"Lovastatin"
1000976;"Deferasinox"
1000977;"Pioglitazon"
1000979;"Chelatbildende Harze"
1000984;"Arsen-Verbindungen"
1000985;"Toremifen"
1000998;"Terfenadin"
1001002;"Ziprasidon"
1001004;"Bortezomib)"
1001010;"Amiodaron (Antiarrhythmikum)"
1001013;"Diltiazem (Antiarrhythmikum)"
1001016;"Flecainid (Antiarrhythmikum)"
1001019;"Lidocain (Antiarrhythmikum)"
1001021;"Propafenon (Antiarrhythmikum)"
1001024;"Verapamil (Antiarrhythmikum)"
1001032;"Anagrelid"
1001038;"Colestipol"
1001044;"Loracarbef"
1001054;"Tetryzolin (Anwendung im Auge)"
1001056;"Rivaroxaban"
1001063;"Raltegravir"
1001077;"Eplerenon"
1001079;"Dronedaron"
1001080;"Ulipristal"
1001083;"Fesoterodin"
1001084;"Mianserin"
1001086;"Flupentixol"
1001087;"Dolasetron (i.v.)"
1001088;"Oral verabreichte Arzneimittel"
1001091;"Tamsulosin"
1001092;"Ticagrelor"
1001093;"Atovaquon"
1001094;"Mequitazin"
1001095;"Cladribin"
1001096;"Eltrombopag"
1001098;"Oxycodon"
1001101;"Natriumchlorid"
1001103;"Abirateron"
1001104;"Orale Antikoagulantien"
1001105;"Pitavastatin"
1001108;"Albendazol"
1001109;"Telaprevir"
1001112;"Dronedaron (Antiarrhythmikum)"
1001113;"Ranolazin"
1001114;"Boceprevir"
1001117;"Etravirin"
1001120;"Gliptine"
1001121;"Vitamin A"
1001123;"Chinin (systemisch)"
1001124;"Fingolimod"
1001125;"Sufentanil"
1001126;"Escitalopram"
1001127;"Levofloxacin"
1001130;"Doxazosin"
1001131;"Ivacaftor"
1001133;"Diltiazem (systemisch)"
1001135;"Imatinib"
1001136;"Sunitinib"
1001137;"Vandetanib"
1001140;"Crizotinib"
1001160;"Clevidipin"
1001161;"Domperidon"
1001195;"Melperon"
1001201;"Chlorprothixen"
1001215;"Trazodon"
1001224;"Tizanidin"
1001230;"Zotepin"
1001233;"Valdecoxib"
1001236;"Cabazitaxel"
1001239;"Hydroxyzin"
1001240;"Tianeptin"
1001241;"Avanafil"
1001242;"Lenalidomid"
1001243;"Bosutinib"
1001246;"Anti-TNF-alpha"
1001247;"Ondansetron"
1001250;"Cholsäure"
1001252;"Fidaxomicin"
1001253;"Defibrotid"
1001255;"Dolutegravir"
1001256;"Bedaquilin"
1001257;"Daclatasvir"
1001260;"Maraviroc"
1001261;"Regorafenib"
1001262;"Rilpivirin"
1001263;"Simeprevir"
1001264;"Sofosbuvir"
1001265;"Vismodegib"
1001267;"Tolcapon"
1001269;"Daptomycin"
1001270;"Deferipron"
1001272;"Riociguat"
1001278;"Ritonavir"
1001282;"Afatinib"
1001283;"Idelalisib"
1001284;"Ibrutinib"
1001286;"Natriumoxybat"
1001288;"Apixaban"
1001294;"Racecadotril"
1001295;"Hydroxychloroquin"
1001299;"Ipilimumab"
1001302;"Canakinumab"
1001312;"Olaparib"
1001313;"Axitinib"
1001315;"Céritinib"
1001316;"Dabrafenib"
1001317;"Dasatinib"
1001318;"Erlotinib"
1001319;"Gefitinib"
1001320;"Lapatinib"
1001321;"Nilotinib"
1001322;"Pazopanib"
1001323;"Ponatinib"
1001324;"Ruxolitinib"
1001325;"Sorafenib"
1001332;"Zonisamid"
1001343;"Primidon"
1001348;"Rosiglitazon"
1001353;"Aripiprazol"
1001356;"Paclitaxel"
1001357;"Nateglinid"
1001360;"Mirabegron"
1001365;"Trastuzumab emtansin"
1001366;"Vitamin D (injizierbar)"
1001368;"Procainamid"
1001372;"Gliflozine"
1001383;"5-Alpha-Reduktasehemmer"
1001384;"Bazedoxifen"
1001385;"Etoposid"
1001387;"Levonorgestrel in der Notfallverhütung"
1001389;"Mifamurtid"
1001393;"Kortikoide"
1001399;"Darunavir"
1001406;"Silodosin"
1001409;"Arzneimittel, Bradykinin und Angioödem"
1001411;"Arzneimittel, Bradykinin und Angioödem"
1001412;"Methotrexat (oral)"
